user_login,user_email,source_user_id,user_pass,user_nicename,user_url,user_registered,display_name,role,nickname,first_name,last_name,description,rich_editing,syntax_highlighting,comment_shortcuts,admin_color,use_ssl,show_admin_bar_front
user_1,user1@example.com,,password123,user1,,6/21/2024 12:00,User 1,administrator,User 1,,,This is user 1,TRUE,TRUE,FALSE,blue,0,TRUE
user_2,user2@example.com,,password123,user2,,6/21/2024 12:00,User 2,subscriber,User 2,,,This is user 2,TRUE,TRUE,FALSE,blue,0,TRUE
user_3,user3@example.com,,password123,user3,,6/21/2024 12:00,User 3,subscriber,User 3,,,This is user 3,TRUE,TRUE,FALSE,blue,0,TRUE
user_4,user4@example.com,,password123,user4,,6/21/2024 12:00,User 4,subscriber,User 4,,,This is user 4,TRUE,TRUE,FALSE,blue,0,TRUE
user_5,user5@example.com,,password123,user5,,6/21/2024 12:00,User 5,subscriber,User 5,,,This is user 5,TRUE,TRUE,FALSE,blue,0,TRUE
user_6,user6@example.com,,password123,user6,,6/21/2024 12:00,User 6,subscriber,User 6,,,This is user 6,TRUE,TRUE,FALSE,blue,0,TRUE
user_7,user7@example.com,,password123,user7,,6/21/2024 12:00,User 7,subscriber,User 7,,,This is user 7,TRUE,TRUE,FALSE,blue,0,TRUE
user_8,user8@example.com,,password123,user8,,6/21/2024 12:00,User 8,subscriber,User 8,,,This is user 8,TRUE,TRUE,FALSE,blue,0,TRUE
user_9,user9@example.com,,password123,user9,,6/21/2024 12:00,User 9,subscriber,User 9,,,This is user 9,TRUE,TRUE,FALSE,blue,0,TRUE
user_10,user10@example.com,,password123,user10,,6/21/2024 12:00,User 10, ,User 10,,,This is user 10,TRUE,TRUE,FALSE,blue,0,TRUE
user_11,user11@example.com,,password123,user11,,6/21/2024 12:00,User 11,contributor,User 11,,,This is user 11,TRUE,TRUE,FALSE,blue,0,TRUE
user_12,user12@example.com,,password123,user12,,6/21/2024 12:00,User 12,contributor,User 12,,,This is user 12,TRUE,TRUE,FALSE,blue,0,TRUE
user_13,user13@example.com,,password123,user13,,6/21/2024 12:00,User 13,contributor,User 13,,,This is user 13,TRUE,TRUE,FALSE,blue,0,TRUE
user_14,user14@example.com,,password123,user14,,6/21/2024 12:00,User 14,editor,User 14,,,This is user 14,TRUE,TRUE,FALSE,blue,0,TRUE
user_15,user15@example.com,,password123,user15,,6/21/2024 12:00,User 15,editor,User 15,,,This is user 15,TRUE,TRUE,FALSE,blue,0,TRUE
user_16,user16@example.com,,password123,user16,,6/21/2024 12:00,User 16,editor,User 16,,,This is user 16,TRUE,TRUE,FALSE,blue,0,TRUE
user_17,user17@example.com,,password123,user17,,6/21/2024 12:00,User 17,editor,User 17,,,This is user 17,TRUE,TRUE,FALSE,blue,0,TRUE
user_18,user18@example.com,,password123,user18,,6/21/2024 12:00,User 18,editor,User 18,,,This is user 18,TRUE,TRUE,FALSE,blue,0,TRUE
user_19,user19@example.com,,password123,user19,,6/21/2024 12:00,User 19,editor,User 19,,,This is user 19,TRUE,TRUE,FALSE,blue,0,TRUE
user_20,user20@example.com,,password123,user20,,6/21/2024 12:00,User 20,editor,User 20,,,This is user 20,TRUE,TRUE,FALSE,blue,0,TRUE
user_21,user21@example.com,,password123,user21,,6/21/2024 12:00,User 21,author,User 21,,,This is user 21,TRUE,TRUE,FALSE,blue,0,TRUE
user_22,user22@example.com,,password123,user22,,6/21/2024 12:00,User 22,author,User 22,,,This is user 22,TRUE,TRUE,FALSE,blue,0,TRUE
user_23,user23@example.com,,password123,user23,,6/21/2024 12:00,User 23,author,User 23,,,This is user 23,TRUE,TRUE,FALSE,blue,0,TRUE
user_24,user24@example.com,,password123,user24,,6/21/2024 12:00,User 24,author,User 24,,,This is user 24,TRUE,TRUE,FALSE,blue,0,TRUE
user_25,user25@example.com,,password123,user25,,6/21/2024 12:00,User 25,author,User 25,,,This is user 25,TRUE,TRUE,FALSE,blue,0,TRUE
user_26,user26@example.com,,password123,user26,,6/21/2024 12:00,User 26,author,User 26,,,This is user 26,TRUE,TRUE,FALSE,blue,0,TRUE
user_27,user27@example.com,,password123,user27,,6/21/2024 12:00,User 27,author,User 27,,,This is user 27,TRUE,TRUE,FALSE,blue,0,TRUE
user_28,user28@example.com,,password123,user28,,6/21/2024 12:00,User 28,author,User 28,,,This is user 28,TRUE,TRUE,FALSE,blue,0,TRUE
user_29,user29@example.com,,password123,user29,,6/21/2024 12:00,User 29,subscriber,User 29,,,This is user 29,TRUE,TRUE,FALSE,blue,0,TRUE
user_30,user30@example.com,,password123,user30,,6/21/2024 12:00,User 30,subscriber,User 30,,,This is user 30,TRUE,TRUE,FALSE,blue,0,TRUE
user_31,user31@example.com,,password123,user31,,6/21/2024 12:00,User 31,subscriber,User 31,,,This is user 31,TRUE,TRUE,FALSE,blue,0,TRUE
user_32,user32@example.com,,password123,user32,,6/21/2024 12:00,User 32,subscriber,User 32,,,This is user 32,TRUE,TRUE,FALSE,blue,0,TRUE
